<ImportExportXml version="9.2.22062.192" SolutionPackageVersion="9.2" languagecode="1033" generatedBy="CrmLive" xmlns:xsi="http://www.w3.org/2001/XMLSchema-instance">
  <SolutionManifest>
    <UniqueName>FeincraftTheTracer</UniqueName>
    <LocalizedNames>
      <LocalizedName description="Feincraft The Tracer" languagecode="1033" />
    </LocalizedNames>
    <Descriptions />
    <Version>3.0.0.1</Version>
    <Managed>0</Managed>
    <Publisher>
      <UniqueName>Feincraft</UniqueName>
      <LocalizedNames>
        <LocalizedName description="Feincraft" languagecode="1033" />
      </LocalizedNames>
      <Descriptions />
      <EMailAddress xsi:nil="true"></EMailAddress>
      <SupportingWebsiteUrl xsi:nil="true"></SupportingWebsiteUrl>
      <CustomizationPrefix>fein</CustomizationPrefix>
      <CustomizationOptionValuePrefix>94020</CustomizationOptionValuePrefix>
      <Addresses>
        <Address>
          <AddressNumber>1</AddressNumber>
          <AddressTypeCode>1</AddressTypeCode>
          <City xsi:nil="true"></City>
          <County xsi:nil="true"></County>
          <Country xsi:nil="true"></Country>
          <Fax xsi:nil="true"></Fax>
          <FreightTermsCode xsi:nil="true"></FreightTermsCode>
          <ImportSequenceNumber xsi:nil="true"></ImportSequenceNumber>
          <Latitude xsi:nil="true"></Latitude>
          <Line1 xsi:nil="true"></Line1>
          <Line2 xsi:nil="true"></Line2>
          <Line3 xsi:nil="true"></Line3>
          <Longitude xsi:nil="true"></Longitude>
          <Name xsi:nil="true"></Name>
          <PostalCode xsi:nil="true"></PostalCode>
          <PostOfficeBox xsi:nil="true"></PostOfficeBox>
          <PrimaryContactName xsi:nil="true"></PrimaryContactName>
          <ShippingMethodCode>1</ShippingMethodCode>
          <StateOrProvince xsi:nil="true"></StateOrProvince>
          <Telephone1 xsi:nil="true"></Telephone1>
          <Telephone2 xsi:nil="true"></Telephone2>
          <Telephone3 xsi:nil="true"></Telephone3>
          <TimeZoneRuleVersionNumber xsi:nil="true"></TimeZoneRuleVersionNumber>
          <UPSZone xsi:nil="true"></UPSZone>
          <UTCOffset xsi:nil="true"></UTCOffset>
          <UTCConversionTimeZoneCode xsi:nil="true"></UTCConversionTimeZoneCode>
        </Address>
        <Address>
          <AddressNumber>2</AddressNumber>
          <AddressTypeCode>1</AddressTypeCode>
          <City xsi:nil="true"></City>
          <County xsi:nil="true"></County>
          <Country xsi:nil="true"></Country>
          <Fax xsi:nil="true"></Fax>
          <FreightTermsCode xsi:nil="true"></FreightTermsCode>
          <ImportSequenceNumber xsi:nil="true"></ImportSequenceNumber>
          <Latitude xsi:nil="true"></Latitude>
          <Line1 xsi:nil="true"></Line1>
          <Line2 xsi:nil="true"></Line2>
          <Line3 xsi:nil="true"></Line3>
          <Longitude xsi:nil="true"></Longitude>
          <Name xsi:nil="true"></Name>
          <PostalCode xsi:nil="true"></PostalCode>
          <PostOfficeBox xsi:nil="true"></PostOfficeBox>
          <PrimaryContactName xsi:nil="true"></PrimaryContactName>
          <ShippingMethodCode>1</ShippingMethodCode>
          <StateOrProvince xsi:nil="true"></StateOrProvince>
          <Telephone1 xsi:nil="true"></Telephone1>
          <Telephone2 xsi:nil="true"></Telephone2>
          <Telephone3 xsi:nil="true"></Telephone3>
          <TimeZoneRuleVersionNumber xsi:nil="true"></TimeZoneRuleVersionNumber>
          <UPSZone xsi:nil="true"></UPSZone>
          <UTCOffset xsi:nil="true"></UTCOffset>
          <UTCConversionTimeZoneCode xsi:nil="true"></UTCConversionTimeZoneCode>
        </Address>
      </Addresses>
    </Publisher>
    <RootComponents>
      <RootComponent type="1" schemaName="fein_apptraces" behavior="0" />
      <RootComponent type="29" id="{7dce3e8f-d5e2-ec11-bb3c-000d3ab5c5d5}" behavior="0" />
      <RootComponent type="61" schemaName="fein_Feincraftlogo" behavior="0" />
      <RootComponent type="61" schemaName="fein_FeincraftLogo45px" behavior="0" />
      <RootComponent type="61" schemaName="fein_FeincraftLogoV3" behavior="0" />
      <RootComponent type="62" schemaName="cr59f_TheTracerEditor" behavior="0" />
      <RootComponent type="80" schemaName="cr59f_TheTracerEditor" behavior="0" />
      <RootComponent type="300" schemaName="fein_trulyresponsivev3pm_7e20d" behavior="0" />
    </RootComponents>
    <MissingDependencies>
      <MissingDependency>
        <Required type="61" schemaName="msdyn_/Icons/SolutionHealthRuleSet.svg" displayName="msdyn_/Icons/SolutionHealthRuleSet.svg" solution="msdyn_PowerAppsChecker (1.2.0.176)">
          <package>msdyn_PowerAppsCheckerAnchor (1.2.0.176)</package>
        </Required>
        <Dependent type="62" schemaName="cr59f_TheTracerEditor" />
      </MissingDependency>
      <MissingDependency>
        <Required type="SettingDefinition" displayName="AllowNotificationsEarlyAccess" solution="AppNotifications (10.0.0.9)" id.uniquename="AllowNotificationsEarlyAccess" />
        <Dependent type="AppSetting" displayName="parentappmoduleid.uniquename=cr59f_TheTracerEditor,settingdefinitionid.uniquename=AllowNotificationsEarlyAccess" id.parentappmoduleid.uniquename="cr59f_TheTracerEditor" id.settingdefinitionid.uniquename="AllowNotificationsEarlyAccess" />
      </MissingDependency>
      <MissingDependency>
        <Required type="SettingDefinition" displayName="AsyncOnLoad" solution="SettingDefinitionsData (9.1.22034.220322001)" id.uniquename="AsyncOnLoad" />
        <Dependent type="AppSetting" displayName="parentappmoduleid.uniquename=cr59f_TheTracerEditor,settingdefinitionid.uniquename=AsyncOnLoad" id.parentappmoduleid.uniquename="cr59f_TheTracerEditor" id.settingdefinitionid.uniquename="AsyncOnLoad" />
      </MissingDependency>
      <MissingDependency>
        <Required type="SettingDefinition" displayName="AsyncOnSave" solution="SettingDefinitionsData (9.1.22034.220322001)" id.uniquename="AsyncOnSave" />
        <Dependent type="AppSetting" displayName="parentappmoduleid.uniquename=cr59f_TheTracerEditor,settingdefinitionid.uniquename=AsyncOnSave" id.parentappmoduleid.uniquename="cr59f_TheTracerEditor" id.settingdefinitionid.uniquename="AsyncOnSave" />
      </MissingDependency>
      <MissingDependency>
        <Required type="SettingDefinition" displayName="EnablePowerBIQuickReport" solution="SettingDefinitionsData (9.1.22034.220322001)" id.uniquename="EnablePowerBIQuickReport" />
        <Dependent type="AppSetting" displayName="parentappmoduleid.uniquename=cr59f_TheTracerEditor,settingdefinitionid.uniquename=EnablePowerBIQuickReport" id.parentappmoduleid.uniquename="cr59f_TheTracerEditor" id.settingdefinitionid.uniquename="EnablePowerBIQuickReport" />
      </MissingDependency>
      <MissingDependency>
        <Required type="SettingDefinition" displayName="EnableRoleBasedOfflineProfileAccess" solution="SettingDefinitionsData (9.1.22034.220322001)" id.uniquename="EnableRoleBasedOfflineProfileAccess" />
        <Dependent type="AppSetting" displayName="parentappmoduleid.uniquename=cr59f_TheTracerEditor,settingdefinitionid.uniquename=EnableRoleBasedOfflineProfileAccess" id.parentappmoduleid.uniquename="cr59f_TheTracerEditor" id.settingdefinitionid.uniquename="EnableRoleBasedOfflineProfileAccess" />
      </MissingDependency>
      <MissingDependency>
        <Required type="SettingDefinition" displayName="NativeMobileDateTime" solution="SettingDefinitionsData (9.1.22034.220322001)" id.uniquename="NativeMobileDateTime" />
        <Dependent type="AppSetting" displayName="parentappmoduleid.uniquename=cr59f_TheTracerEditor,settingdefinitionid.uniquename=NativeMobileDateTime" id.parentappmoduleid.uniquename="cr59f_TheTracerEditor" id.settingdefinitionid.uniquename="NativeMobileDateTime" />
      </MissingDependency>
      <MissingDependency>
        <Required type="SettingDefinition" displayName="NativeMobileInputs" solution="SettingDefinitionsData (9.1.22034.220322001)" id.uniquename="NativeMobileInputs" />
        <Dependent type="AppSetting" displayName="parentappmoduleid.uniquename=cr59f_TheTracerEditor,settingdefinitionid.uniquename=NativeMobileInputs" id.parentappmoduleid.uniquename="cr59f_TheTracerEditor" id.settingdefinitionid.uniquename="NativeMobileInputs" />
      </MissingDependency>
    </MissingDependencies>
  </SolutionManifest>
</ImportExportXml>