{
  "properties": {
    "connectionReferences": {
      "shared_commondataserviceforapps": {
        "runtimeSource": "embedded",
        "connection": {
          "connectionReferenceLogicalName": "fein_sharedcommondataserviceforapps_f40e1"
        },
        "api": {
          "name": "shared_commondataserviceforapps"
        }
      }
    },
    "definition": {
      "$schema": "https://schema.management.azure.com/providers/Microsoft.Logic/schemas/2016-06-01/workflowdefinition.json#",
      "contentVersion": "1.0.0.0",
      "parameters": {
        "$connections": {
          "defaultValue": {},
          "type": "Object"
        },
        "$authentication": {
          "defaultValue": {},
          "type": "SecureObject"
        }
      },
      "triggers": {
        "manual": {
          "metadata": {
            "operationMetadataId": "737cd5e5-0335-4f28-8c96-3f1d7dc974fe"
          },
          "type": "Request",
          "kind": "PowerAppV2",
          "inputs": {
            "schema": {
              "type": "object",
              "properties": {
                "text": {
                  "title": "Action",
                  "type": "string",
                  "x-ms-dynamically-added": true,
                  "description": "Name of the action executed",
                  "x-ms-content-hint": "TEXT"
                },
                "text_1": {
                  "title": "Context",
                  "type": "string",
                  "x-ms-dynamically-added": true,
                  "description": "Freeform context information",
                  "x-ms-content-hint": "TEXT"
                },
                "text_2": {
                  "title": "TracerSession",
                  "type": "string",
                  "x-ms-dynamically-added": true,
                  "description": "Session Infrormation in Table format",
                  "x-ms-content-hint": "TEXT"
                }
              },
              "required": [
                "text",
                "text_1",
                "text_2"
              ]
            }
          },
          "conditions": []
        }
      },
      "actions": {
        "Write_Trace": {
          "runAfter": {
            "Parse_Tracer_Session": [
              "Succeeded"
            ]
          },
          "metadata": {
            "operationMetadataId": "385502bd-b0dd-4940-88e4-e31aee9becfe"
          },
          "type": "OpenApiConnection",
          "inputs": {
            "host": {
              "connectionName": "shared_commondataserviceforapps",
              "operationId": "CreateRecord",
              "apiId": "/providers/Microsoft.PowerApps/apis/shared_commondataserviceforapps"
            },
            "parameters": {
              "entityName": "fein_apptraceses",
              "item/fein_name": "@body('Parse_Tracer_Session')?['AppName']",
              "item/fein_action": "@triggerBody()['text']",
              "item/fein_context": "@triggerBody()['text_1']",
              "item/fein_session": "@body('Parse_Tracer_Session')?['Session']",
              "item/fein_timestamp": "@utcNow()",
              "item/fein_user": "@body('Parse_Tracer_Session')?['UserName']",
              "item/fein_useremail": "@body('Parse_Tracer_Session')?['UserEmail']"
            },
            "authentication": "@parameters('$authentication')"
          }
        },
        "Parse_Tracer_Session": {
          "runAfter": {},
          "metadata": {
            "operationMetadataId": "8d0f1ba0-9d59-4dd8-87a3-9e75deb58551"
          },
          "type": "ParseJson",
          "inputs": {
            "content": "@triggerBody()['text_2']",
            "schema": {
              "type": "object",
              "properties": {
                "AppName": {
                  "type": "string"
                },
                "Session": {
                  "type": "string"
                },
                "UserEmail": {
                  "type": "string"
                },
                "UserName": {
                  "type": "string"
                }
              }
            }
          }
        }
      }
    }
  },
  "schemaVersion": "1.0.0.0"
}